{
  "season": 2025,
  "pitching": {
    "2025": {
      "pa": 149,
      "xwoba": 0.019000000000000017,
      "xba": 0.025000000000000022,
      "xslg": 0.040000000000000036
    }
  },
  "batting": {
    "2025": {
      "pa": 239,
      "xwoba": -0.033999999999999975,
      "xba": -0.034,
      "xslg": -0.044999999999999984
    }
  }
}